problem_id,ReAct_status,RAG_status
Mbpp/11,pass,fail
Mbpp/160,pass,fail
Mbpp/227,pass,fail
Mbpp/265,pass,fail
Mbpp/274,pass,fail
Mbpp/286,pass,fail
Mbpp/297,pass,fail
Mbpp/472,pass,fail
Mbpp/478,pass,fail
Mbpp/594,pass,fail
Mbpp/604,pass,fail
Mbpp/638,pass,fail
Mbpp/67,pass,fail
Mbpp/785,pass,fail
Mbpp/787,pass,fail
Mbpp/9,pass,fail
Mbpp/93,pass,fail
Mbpp/592,pass,fail
Mbpp/232,fail,pass
Mbpp/233,fail,pass
Mbpp/237,fail,pass
Mbpp/20,fail,pass
Mbpp/264,fail,pass
Mbpp/294,fail,pass
Mbpp/418,fail,pass
Mbpp/641,fail,pass
Mbpp/721,fail,pass
Mbpp/786,fail,pass
